{
    "kernel_width": 7.5,
    "vals": [
        1.1222976227053239e-09,
        3.828769063075808e-08,
        4.910548664985318e-07,
        2.5190942723702603e-06,
        5.827450941603587e-06,
        7.404967766852952e-06,
        5.865738632234345e-06,
        3.0112714364914977e-06,
        3.0518037223676664e-06,
        6.478390356361383e-06,
        1.1633686568239588e-05,
        2.2380383959734754e-05,
        4.522174181528553e-05,
        7.598158242550567e-05,
        9.229519940060052e-05,
        0.00010196404094281121,
        0.00013509931735207736,
        0.00017434402570684033,
        0.00022401912387198434,
        0.0002834744631784819,
        0.0003322469114864109,
        0.00039825985564766696,
        0.0004709634230503097,
        0.0005015575202702507,
        0.0005024431886655178,
        0.0004794817893331846,
        0.000483314851432884,
        0.0005270528802473936,
        0.0006438787960454856,
        0.000870907595551092,
        0.0012073332643829453,
        0.0016432003631605182,
        0.002236425202193615,
        0.00298232706754458,
        0.0037019074370969185,
        0.004273853562373791,
        0.004624995680969563,
        0.004458795514372393,
        0.003918257097868558,
        0.003219033475355636,
        0.002482520630003004,
        0.0017835568646812738,
        0.001206555547521833,
        0.0007979651713503132,
        0.0005526956782778037,
        0.00041107957632583884,
        0.0003350216076774655,
        0.0002912553559478721,
        0.0002750455413581038,
        0.0003125454227165634,
        0.0003831638279986063,
        0.00043245080551409376,
        0.00046900911944172376,
        0.000510620676064558,
        0.0005804890577070235,
        0.0006828171915234788,
        0.0008406673538563843,
        0.0010915167595841643,
        0.0015333603219246138,
        0.0023043806150115434,
        0.0034744353314601966,
        0.004834743464678556,
        0.006123970555348963,
        0.006976040648186572,
        0.007190912876738905,
        0.006660129753663014,
        0.005590304365462684,
        0.004204724453987701,
        0.00302144148080354,
        0.0021062883495528476,
        0.0014197457428345834,
        0.0009878718061080718,
        0.0007860866414198809,
        0.0007075083941125557,
        0.0006946249978163216,
        0.0007358588683131698,
        0.0007915615617104598,
        0.0008222466762368003,
        0.0008840021952673155,
        0.001055435291921304,
        0.0013582594731129092,
        0.001778709068569308,
        0.002426700986050379,
        0.0035235558369471026,
        0.005157230284593377,
        0.007305488950007686,
        0.010096924810534074,
        0.01371082719197983,
        0.01864959748807001,
        0.02433883096658588,
        0.02911086766128224,
        0.03092285740498627,
        0.029728989902373455,
        0.026637206418017468,
        0.023125352302057676,
        0.019655525022274366,
        0.01698791821908509,
        0.01553786920701886,
        0.015534312539926142,
        0.016756804979851093,
        0.01893683837651642,
        0.021184599509133827,
        0.02268686003436811,
        0.022564736618531325,
        0.02071609036311577,
        0.017368277155755712,
        0.013386818950171695,
        0.009509890945213243,
        0.0065498842205894015,
        0.004451395848861554,
        0.002908548904236626,
        0.0018873422074059852,
        0.0012785578285231752,
        0.0009513894723669801,
        0.0008072981129058021,
        0.0007052195916097291,
        0.0006067110476598661,
        0.0005467495396437399,
        0.0005820868988852379,
        0.0006970373177839235,
        0.0008057872387582138,
        0.0008794203950071276,
        0.001069732679083082,
        0.0015389923111482412,
        0.0023551389992694386,
        0.003416712583548377,
        0.004500843561612181,
        0.005397779615546348,
        0.0062109511516922795,
        0.006825974296204078,
        0.007166189391195147,
        0.006946876733133277,
        0.0060266105289679675,
        0.004470464107930045,
        0.002888637057891937,
        0.0017790529897399414,
        0.001155092244139375,
        0.0007730655598826508,
        0.0005208416400787857,
        0.0003908814084226167,
        0.00034371355650110745,
        0.00030601736960306344,
        0.0002529583863253692,
        0.0002168535332040979,
        0.0001988659519353938,
        0.00019533507712687814,
        0.00019106409115027338,
        0.00016422599403386037,
        0.00014214971835528953,
        0.00015556889601567227,
        0.00017968079092459612,
        0.000182183695682618,
        0.0001714843007884378,
        0.00016590031164138728,
        0.0001864525304781805,
        0.00020980304803971324,
        0.00022209089556359207,
        0.00024483929075319784,
        0.000257437920191119,
        0.0002555624594505043,
        0.00023984154925971195,
        0.00020278016088790687,
        0.00016911957539929778,
        0.00015927158275071742,
        0.0001505692971241169,
        0.0001363622571483568,
        0.00012180562199779438,
        0.00011387409614293454,
        0.00010865021346836114,
        9.786490791761939e-05,
        9.971680474535487e-05,
        0.00011914006207460242,
        0.00014607662214479264,
        0.00017086611860850514,
        0.0001890220531005467,
        0.0002188861882430547,
        0.0002576073031527432,
        0.0002752715380902772,
        0.0002863741432347775,
        0.0003144227009038132,
        0.0003534772016324619,
        0.000375327661946754,
        0.00039964602578188127,
        0.00043027589010677695,
        0.0004976044666757432,
        0.0006217684193787178,
        0.0007711603005271916,
        0.00094870206310146,
        0.001152327737859814,
        0.001445454838518188,
        0.0019525371634072052,
        0.0025755949788851674,
        0.0033806882032354933,
        0.004433273339890827,
        0.005352790095123572,
        0.005706869060262793,
        0.005707328216223716,
        0.005599432303474556,
        0.005346177739413581,
        0.0047697146979607825,
        0.003982446330912343,
        0.0030920815105625493,
        0.0023474348923437295,
        0.0017990633494354342,
        0.0013254689913856906,
        0.0009729913025143156,
        0.0007897353035806711,
        0.0007128144101148416,
        0.0006835707719775784,
        0.0006509790895984952,
        0.0006528170214036508,
        0.0006921634612317454,
        0.0007463901213992452,
        0.0007765678699390836,
        0.0007822508689283142,
        0.0008044241483437777,
        0.0008652358399772701,
        0.0009542192521614046,
        0.001084788154270145,
        0.0013067066559579016,
        0.0017453250528480953,
        0.002488221616833899,
        0.0033923845733747353,
        0.004120638062725662,
        0.004462999529002973,
        0.004205687543071019,
        0.00357044713002986,
        0.002976230541141513,
        0.0025809394012279874,
        0.002247319805226896,
        0.0019691790641958276,
        0.0017584749918665352,
        0.0015747589852124792,
        0.0013868002726758267,
        0.0012158048027633964,
        0.0011083452335407266,
        0.0010671935195315024,
        0.0010775835674873794,
        0.001159028838557358,
        0.0012382170499586954,
        0.0013604734857713917,
        0.0016265322516525957,
        0.0020369321963013888,
        0.002544475270483302,
        0.003194831141581576,
        0.00405340236811233,
        0.005115348914575631,
        0.006209335095460023,
        0.007368597986651301,
        0.008307449068026156,
        0.008947830024190055,
        0.009460528664153164,
        0.00990081453819493,
        0.009801348780730627,
        0.00919374012494065,
        0.008413306581193625,
        0.007828411470778996,
        0.007596571112443096,
        0.00794373314765287,
